Date,URL,Title,Body,Score
2019-10-30 22:46:46,https://www.reddit.com/r/REDDITORSINRECOVERY/comments/dphg33/sex_problems_in_relationship_me_25m_with_my_bf/,"Sex problems in relationship, me (25m) with my bf (26m) who is sober from drugs/meth","My bf and I are both mid-20s and have been together about 3 months. He's a recovered meth addict, about 2 years now. He's very healthy, happy, etc.

My question is about sex. When we have sex, sometimes I feel like he just isn't there - off in ""another place"". My mind races, it makes me anxious and sometimes takes me out of the mood. Because I wonder about how his relationship with sex while being high for a couple years might have an impact on how he has sex now.

Is sex different for recovered meth addicts, and if so, how? What's that journey like?

Trust me, I know communication is key. I've asked if things are good, but he reassures me things are great. I just wonder if there are ""things I should know"" from those who have experiences with Party and Play (PNP), ways that I can support him or be a better partner. Ways that I can overcome my own anxieties. Any insight helps.

TL;DR: Unsure about my sexual relationship with my partner who used to PNP/use meth.",5
2019-10-30 21:07:54,https://www.reddit.com/r/REDDITORSINRECOVERY/comments/dpg6xb/stillllll_puking/,Stillllll puking,"First post and I tried searching so if I missed something please point me in the right direction. Been clean off of opiates for a few years. Relapsed last Thursday and overdosed on Saturday.

I know the withdrawal drill and I realize it‚Äôs different for everyone every time. But for using for a couple of days, coming off like this should be impossible. I‚Äôm lethargic with body aches, but sleeping fine and no RLS. 

The issue is the vomiting. I haven‚Äôt stopped for three days straight. Nothing I‚Äôve tried helps and I‚Äôm not sure if maybe there‚Äôs something else going on? Any ideas or suggestions? My esophagus can‚Äôt take much more of this. Love to all",3
2019-10-30 20:52:51,https://www.reddit.com/r/REDDITORSINRECOVERY/comments/dpfzqs/man_seeking_advice_used_to_like_long_walks_on_the/,"Man seeking advice. Used to like long walks on the beach, socializing, being driven and hard working, now watching it fade into the void battling a booze and coke Addiction.","I just found this thread, after taking the time to actually do a quick search on how the fuck the to handle addictions. Life had been pretty good. I've worked hard, I've accomplished alot, I've got a great Executive job, great income... I'm 33, been married 3 years, have a beautiful child... But still feeling empty. At a young age, I had an older, cooler friend tell me ""drugs are amazing... But make the choice to include drugs in your life, not include your life in your drugs."" It's worked for a long time..everything is fine in moderation, right? In my 20's, super cool to binge on booze, darts, and blow all weekend. Easy to justify going to bed at 10am and sleeping the entire day away. Now that I have Everything I've ever wanted, I'm pissing it away... Because I can? I've spent many nights hiding away from my wife when my son goes to bed, ripping bumps of coke off the end of a screwdriver in my garage. I've made every single excuse to not do the thing that I should, because I'd rather be at home ripping bags by myself... Knowing very fucking well, I'll feel like shit the next day, and that will be the last straw. I've known I've needed help a Long time, and still at the point where I can turn around. I know that this is a recovery thread, but I am fucked up as I write. The cycle is consistent... Have a few drinks to cope with work stress, get a bag, wake up and feel like shit, stay clean a day or two, then go get some more vodka, blow, and darts.. After promising myself, this will be the last time. I've found a promising addictions group in my city, and Friday will be my first time going. I have always been successful by putting my mind to something, and not letting anything get in my way. I plan to curb my addictions with the same attitude. I'm doing bumps 5 days a week at this point, and have gotten to the point where it's the only way to self motivate. This is my first post on this forum, and Reddit period. I wanted to start here, and for even just purely therapeutic gratification... Continue to share my journey. Any tips, thoughts, ideas, are all welcomed and I know there is a great group of people here after going through endless threads. I will keep you all posted and look forward to seeing real progress. Many thanks.",7
2019-10-30 20:24:07,https://www.reddit.com/r/REDDITORSINRECOVERY/comments/dpfm8g/does_the_loneliness_end/,Does the loneliness end?,[deleted],4
2019-10-30 17:49:22,https://www.reddit.com/r/REDDITORSINRECOVERY/comments/dpdhco/today_i_am_6_years_sober_it_hasnt_been_easy_but/,Today I am 6 years sober. It hasn't been easy but the rewards are beyond what I could have imagined.,,126
2019-10-30 15:32:26,https://www.reddit.com/r/REDDITORSINRECOVERY/comments/dpbj89/how_do_you_overcome_being_bored_with_sober_sex/,How do you overcome being bored with sober sex?,"I'm not new to recovery. I've been meth free for three years this January. However, I do drink alcohol. I stopped going to meetings because NA states that alcohol is a drug (not arguing that). I thought I could handle the drinking. I didn't drink for maybe like a year in my recovery. I was afraid that the drinking would make me want to shoot up again. It didn't. It was fun. I could control it. Well... until now. I'm 34. I started using meth when I was 16 and played around with it up until almost three years ago. I've now started to drink so much that I black out and become combative. I've always enjoyed having sexual intercourse WHILE high/drunk. I think sober sex is boring and I want nothing to do with it. BUT, I have a long term boyfriend, whom I'm in love with and want to be sexual with him. I just don't find sex fun if I'm not buzzed/drunk. I've tried doing other things, in the bedroom, to 'spice' things up. I just feel like I can't let myself relax, during sex, because I've been drunk/high during all of my sexual encounters. It's getting worse. It's scary. I know this is all over the place but I almost cheated on my boyfriend last night because of my drinking that's gotten WAY out of hand. I know I can avoid and overcome drinking, the same way I was able to do with meth. My issue is the sex stuff. I want to be intimate with him, I just don't know how to if I'm not buzzed. Again, sorry, this is a cluster. My mind is just. I gotta accept the fact that I'm having usage issues again and fix it.",12
2019-10-30 13:59:27,https://www.reddit.com/r/REDDITORSINRECOVERY/comments/dpa8vw/i_wrote_up_my_darkest_moments_in_addiction_and_my/,"I wrote up my darkest moments in addiction and my subsequent recovery (3 parts, so far)",[removed],4
2019-10-30 13:35:47,https://www.reddit.com/r/REDDITORSINRECOVERY/comments/dp9x91/virtual_binge_eating_disorder_study/,Virtual Binge Eating Disorder Study,[removed],1
2019-10-30 12:25:07,https://www.reddit.com/r/REDDITORSINRECOVERY/comments/dp92ui/hey_everyone_check_out_the_discord/,Hey everyone check out the discord,[removed],1
2019-10-30 01:40:08,https://www.reddit.com/r/REDDITORSINRECOVERY/comments/dp2jkx/i_no_longer_feel_like_i_know_how_to_function/,I no longer feel like I know how to function socially,"Hey everyone,

I have been sober since early February from alcohol and I am very proud of it. I previously had 3 years sober, but relapsed very hard last year and then again in January. I was a morning to night, mostly solo drinker and never much of a partier. I am having some confused feelings lately about my sobriety.

I have a small sober circle of friends, but in general most of my friends (including my partner) are not sober. I recently went on a trip with my partner to see my friends and got into some situations I probably shouldn't have been in. My partner essentially chain smoked weed for the entire trip, as did all of my friends. On one particular night everyone decided to drink, smoke and blow coke.

Needless to say I was shaken. I didn't want to use, but the discomfort was so immense. I felt angry and scared. I felt alienated at being the only sober one there. The only thing I could think to do was to smoke cigarettes and try to ignore it.

Honestly I don't know what to do at this point. My partner's constant smoking bothers me to no end and I don't want to dissolve my relationships with my friends over their substance use, but maybe that is the only course of action. I feel like an absolute baby when I complain about feeling alienated or articulating how uncomfortable I feel in these situations. Have you been in this position before? I am really upset about this.",8
2019-10-29 22:10:49,https://www.reddit.com/r/REDDITORSINRECOVERY/comments/dp0dpp/i_feel_like_there_is_no_way_i_can_handle_life_on/,I feel like there is no way I can handle life on lifes terms,"I am feeling so defeated as reality as set in. I'm in my mid 20's and feel like i'm not cut out to live life. I still live with my mom, don't make enough to support myself. All the people I had hopes of living with have moved out with each other and use. I've never been in a long term relationship or even know how to be with a woman so there is most likely no chamce of moving out with someone I meet amd fall in love with.

I fucking worry every god damn day of dying without finding love. I feel like a broken person and unlovable to the opposite sex. I used to shoot heroin and have anxiety and depression. I find it impossible that anyone could ever love that. 

I just want to give up. Thats all i want. I dont wanna use i just feel like dying. I cant even kill myself because of how much my mom loves me. I cant do that to her. Since 17 ive always said when she dies, I die.

I don't know how to deal with the fear, and the lonliness anymore. I'm so fucking lost.

I go to meetings everyday and do my best to follow my sponsors suggestions but i cant escape the negative thoughts. I cant stay in the present day because I feel like im convinced at how im going to end up. Alone. When my mom dies ill have no one left. My sister is going to have her own family and im not close with my dad.

Im so scared i just want to know if everything will be ok but I cant know that. I am clean and i know that using doesnt hide the pain anymore. I still feel this when i use.

Im overwhelmed right now. Just need somebody to share with me they felt these things amd they are ok now.",7
2019-10-29 21:52:49,https://www.reddit.com/r/REDDITORSINRECOVERY/comments/dp05ka/to_serve_those_suffering_from_substance_abuse_by/,"To serve those suffering from substance abuse by accurately assessing and rating treatment facilities, in an objective and unbiased process.",[removed],0
2019-10-28 16:49:08,https://www.reddit.com/r/REDDITORSINRECOVERY/comments/dof3xw/i_fucked_up_again_any_encouragement_is_appreciated/,I fucked up. Again. Any encouragement is appreciated.,[deleted],1
2019-10-28 02:38:35,https://www.reddit.com/r/REDDITORSINRECOVERY/comments/do55cf/discord_for_other_redditors_in_recovery/,Discord for other redditors in recovery!,[removed],2
2019-10-27 16:36:11,https://www.reddit.com/r/REDDITORSINRECOVERY/comments/dnyy7n/i_just_got_out_of_behavioral_center_for_addiction/,I just got out of behavioral center for addiction...,[deleted],1
2019-10-27 03:28:03,https://www.reddit.com/r/REDDITORSINRECOVERY/comments/dnq7lx/does_anyone_else_have_relentless_life_ruining/,"Does anyone else have relentless, life ruining insomnia in recovery?","Hey gang,

I'm coming up on a year of total sobriety 2 weeks from today, and I'm still having extreme sleep issues. I sleep alright enough to feel well and energetic the next day about 2-3 nights a week, and the rest are shit. I pretty much re-live a groundhog day of being completely exhausted about every other day. My quality of life is awful.

I've tried every OTC sleep aid you can think of, and they are a night to night crapshoot whether or not they will work. If I don't take anything, I'm pretty much guaranteed a terrible night's sleep of 4-6 hours, and if I do take melatonin/valerian root/unisom, I MIGHT be able to get my much needed 7-8 hours. Even taking those though doesn't prevent often waking up at 4am and not going back to sleep the rest of the night.

During my addiction I did massive amounts of adderall and cocaine and stayed up all night hundreds of times, so I'm sure this has had some sort of impact on my circadian rhythm or something like that. That said, with 11 months and 2 weeks of sobriety under my belt, I would've thought this would be getting better by now. Honestly, it's not really even showing any signs of improvement.

When does it get better? I can't keep living like this. It's like every other day I am completely miserable and running on fumes and unable to function properly or enjoy anything.",23
2019-10-26 19:35:20,https://www.reddit.com/r/REDDITORSINRECOVERY/comments/dnln34/question/,Question:,So I recently accidentally took a sip of my friends cocktail that I immediately spat out! And I felt this intense tingly sensation all over my tongue. Does anyone know why that happened and has anyone experienced this sensation before?,3
2019-10-26 16:00:17,https://www.reddit.com/r/REDDITORSINRECOVERY/comments/dnixg4/how_can_i_help_my_fianc√©_through_his_alcohol_detox/,How can I help my fianc√© through his alcohol detox?,"My fianc√© is currently detoxing from alcohol. Yesterday we checked in with our county substance abuse center. They referred him to the ER to manage the withdrawal. They gave him meds to bring home, Librium and Zofran. After he has 72 hours from his last drink, he‚Äôs eligible to enter their residential program. He‚Äôs at 43 hours now. 

It was his idea to start treatment. I‚Äôm incredibly proud of him. 

I‚Äôm starting Al Anon, and will bring his mother with me. Also reading a book on codependency. I know I need to work on myself so I can be a good support person for him through this. 

Mostly wondering what I can do for him over the next 72 hours to help. I know withdrawal is shitty, no way around it. But are there little things I can do to make him more comfortable and keep him chugging along? Movies? Dark room? Hydrating? Hot showers?  

Also, if you‚Äôve been in a program, are there things your family did for you that you found helpful? Things that were unhelpful? How can I make his return home positive and supportive?

I‚Äôll be spending the next month cleaning up whatever I can. Any stressors like unpaid bills, some work that needs done on his motorcycle, cleaning up the house, staying in contact with his family. Whatever I can find to improve so he‚Äôs not coming home to a bunch of stuff to worry about. While also making sure I‚Äôm taking care of myself and getting the help I need. 

I should mention I‚Äôm a recovering addict, almost a year out from opioid addiction. So I do have some understanding of how excruciating withdrawal is. I know the two substances are different beasts, but I at least ‚Äúget it.‚Äù 


And as I‚Äôm sure it will come up, he is considering AA. 

TLDR, looking for ways to support him through his home (medicated) detox and anything else I should know.",2
2019-10-26 14:34:23,https://www.reddit.com/r/REDDITORSINRECOVERY/comments/dnht2x/i_relapsed_again/,I relapsed... again.,[deleted],23
2019-10-26 14:34:16,https://www.reddit.com/r/REDDITORSINRECOVERY/comments/dnht1g/relapse_doesnt_have_to_turn_into_a_bender/,Relapse doesn‚Äôt have to turn into a bender!,[deleted],24
2019-10-26 09:07:26,https://www.reddit.com/r/REDDITORSINRECOVERY/comments/dndmpp/is_this_actually_flu_or_withdrawals/,Is this actually flu or withdrawals?,"I'm burning up, seriously I feel like I have red hot pins and needles but I'm shivering under a blanket. My head is killing me. I've had this constant headache/migraine for about a week. Can't stop coughing and sniffling, my throat feels like the scratchy side of the sponge. I ache so bad, my eyes are red and puffy and I feel like I am about to die. I'm shaking, off my food and feeling sick (I haven't yet). 

Opinions?

My last use was a week ago. I've never had withdrawals like this before but maybe it is? I wanna go see a doc but not if it is withdrawals, I can get through that. 

I am a poly addict in recovery. I've been fully sober from everything (except caffeine and nicotine) for a week.",6
2019-10-26 02:04:41,https://www.reddit.com/r/REDDITORSINRECOVERY/comments/dn9yqx/i_relapsed_today/,I relapsed today.,[deleted],18
2019-10-25 17:17:19,https://www.reddit.com/r/REDDITORSINRECOVERY/comments/dn3z0j/advice_3_years_sober_love_the_program_but_dont/,"Advice: 3 years sober, love the program but don't love meetings.","I have been a member of AA  since I got out of treatment in June of 2017. I have over 3 years sober now and I have to say I absolutely love my busy, full, and beautiful life. When I got out of treatment I followed directions, got a sponsor, started working the steps, 90 in 90, I was terrified and unsure I would be able to stay sober. I got everything I could have ever wanted and more. I don't like to say ""I owe it all to AA"" because AA didn't get me out the door to those meetings and my sponsor never called me, but I do believe the program works, I've seen it work for others and it worked for me. 

These days I have a full-time internship, on top of full time senior in college, and I work one day on the weekends to try and have some gas money during the week. I have a loving family and wonderful friendships with whom I try and spend my inbetween time with. Like I said, I love my life. 

I don't like going to meetings, I think they are sort of boring and I often am exhausted. They're not completely pointless, but I have always had anxiety about sharing no matter how much or how little I have shared in meetings. the whole thing makes me uncomfortable. I'm not completely against them, I just really don't like them. Plus I'm busy. So I don't go to meetings often. I called my sponsor yesterday to ask if we could do some step work next week and she told me she didn't want to do step work with me if I wasn't going to 3 meetings a week and calling her every day, she has been my sponsor for almost two years. Honestly, I really feel like this is a ridiculous request. I literally don't have the time for that. I feel really sad/not good enough that I'm not overly enthusiastic about AA, meetings, fellowship, the Big Book, etc. I WISH I felt that way, I just don't. I also felt unsupported by her, I don't really have friends in the program and maybe that is what I was looking for. 

I just want to stay alive and have a pretty decent life without feeling like a POS for not going to enough meetings. 

Sorry I don't really know wtf this is about, I just felt like I could post here and maybe get some feedback. Has anyone ever felt like this? What happened? What did you do? What was it like?

TLDR; I don't have the time/energy to go to meetings, its not a priority right now and my sponsor won't do step work with me and I feel like a POS.",5
2019-10-25 17:07:11,https://www.reddit.com/r/REDDITORSINRECOVERY/comments/dn3u4h/i_think_a_new_rule_banned_naming_any_clinics_or/,I think a new rule banned naming any clinics or linking to clinics / national rehab directories should be instituted immediately,[deleted],11
2019-10-25 15:53:09,https://www.reddit.com/r/REDDITORSINRECOVERY/comments/dn2sya/sober_living_experiences/,Sober Living Experiences?,"Hoping to hear some of your experiences with sober living-positive or negative. Did you feel it helped/was needed?

I am in the final week of an 8 week IOP and coming off of a relapse. That says nothing of the program, which has been great for me and they are willing to let me stay and extend if I agree to enter sober living.  I don't want to lose the community that I have gotten to know and has helped me so much and I am open to the idea but this is a major change. I plan on throwing myself into AA, working the steps, etc regardless of whether I stay in IOP or not. I don't know if I should let the IOP go and continue my recovery in AA or move into an environment that I am not sure is the best for me and would involve breaking a lease at my current apt. Sidenote-I am not staying in this apartment. I moved back in with my mom for some more support. It might have benefits that I am not seeing but I feel like I would only be moving into sober living to be able to stay in the IOP.",1
2019-10-25 13:42:41,https://www.reddit.com/r/REDDITORSINRECOVERY/comments/dn0x95/seeking_advice_alcohol_related/,Seeking advice (alcohol related),"Just a warning in advance, this may turn into a chaotic wall of text as I'm not exactly sure how to put all this down on ""paper"" but I'll try my best and apologies!

I'm 29 and recently hit 12 months sober from alcohol. This was done purely (perhaps foolishly) on my own - my home life was at breaking point and was about to fall apart. I had no other choice but to admit to myself it had to stop.

Looking back over my 20's I can see my alcohol consumption increasing steadily. The last 2 years before I quit were really quite terrible - it's as if all the horror stories that can happen did happen.  


* I lost a job
* I gained a couple of facial scars - one from falling and putting a tooth through my lip and another across the side of my head that I don't remember happening
* I was arrested twice, one time ending up in court because I had wandered into a random house with a family watching TV and sat on their couch (yes - really)
* I woke up more than once in random locations, often outside
* Barred from all my usual hangouts
* Multiple (emphasis on multiple) sexual encounters with different people
* Ended up in a couple of fights
* *the list goes on*

Easy to understand why I had to stop!

I've not had any real difficulties stopping - I was lucky enough not to develop a physical addiction to the substance itself so could go cold turkey without any withdrawal side-effects and honestly, not to belittle anyone elses experience as this is purely my own, it was quite easy.

What I'm looking for advice on is this feeling that's been rearing it's ugly head lately - *I hate that I don't have a choice.*

A lot has happened to me this past year of being sober - as much as I try I've been unable to find a job so there's a constant gloom of worry hanging over me about my money running out. My Mother passed away in January and I was unable to cremate her until late-March due to a misdiagnosis (Huntington's Disease - which can be hereditary and added to my stress at an already painful time) that I was combating - the ward told me they wouldn't do a post-mortem out of respect to my Mum and it took me liaising with the head neurologist at the hospital to advance it - by then they couldn't run the full tests due to how long she had been dead but they did manage to rule out any of the more common neurological conditions (death certificate now states undiagnosable disorder). Both my elderly dogs were diagnosed with cancer within a month of each other - one with bone cancer in their toe and another of the bladder that has crippled me financially (even with insurance) and without a job I have no means of clawing my way out of this currently.

Yet throughout all this I've never felt the urge or need to drink. It's been a non-issue.

Now that the worst of the storm has passed from all of the above, however, I've found myself simply hating the fact that I **can't** drink if I wanted to. I simply cannot take the risk of going out with friends and just having one - I know this so emphatically that the thought of slipping and doing so terrifies me and I absolutely resent the fact with every fiber of my being.

Has anyone else had similar experiences of this? Apologies again for what turned out to be a wall of text - I've never really put anything like this out there before (and honestly the process has been quite therapeutic!) - and if you've read this far thank you!",2
2019-10-25 12:27:09,https://www.reddit.com/r/REDDITORSINRECOVERY/comments/dmzv83/he_showed_up_high_to_the_meeting_but_hes_in/,"He showed up high to the meeting, but he's in treatment today!",[removed],36
2019-10-24 23:41:21,https://www.reddit.com/r/REDDITORSINRECOVERY/comments/dmrqn1/seven_years_sober_today/,Seven Years Sober Today,"I have been sober for seven years today by the grace of my higher power, the program and the fellowship of Alcoholics Anonymous.  

I went back to the meeting where I got my white chip to pick up a blue chip. Even though it is not my home group anymore, I go when I can. Today there were 4 people  who were there when I came into the program. One of them was the woman who urged me to stay when I started to walk out because it wasn't an NA meeting. She also gave me my white chip.

Talk about little decisions that change your life! AA has been my home since then because it is the place where I found recovery.",18
2019-10-24 21:53:42,https://www.reddit.com/r/REDDITORSINRECOVERY/comments/dmqjur/sober_pod_covering_the_12_steps_all_year_long_we/,Sober Pod - Covering the 12 Steps all year long... we have back episodes that aren't so 12 steppy too!,[removed],1
2019-10-24 18:02:32,https://www.reddit.com/r/REDDITORSINRECOVERY/comments/dmnmdc/it_hasnt_gotten_easier/,It hasn't gotten easier....,[deleted],2
2019-10-24 14:28:33,https://www.reddit.com/r/REDDITORSINRECOVERY/comments/dmkiy8/help/,help?,"I haven't had much success on Reddit with sobriety. They've all ended with me either ""drinking bc it sounds like I can handle a drink and I need to just see if I can actually drink one and stop"", or me just deleting the post and feeling bad, or getting yelled at bc I should just go to an aa meeting or these are problems I need to address with my aa sponsor...well, I don't want to go to aa for a few reasons, 1. I'm 20, I look much younger and a lot of older, smarter people/ counselors/ people in recovery have told me not to go because it's a preying ground for older men to prey on vulnerable young women.    2.  I live in a college town with a high poverty rate and I drove by the meeting once and genuinely didn't feel safe/ comfortable. basically, I don't have a healthy relationship with alcohol, if I was drinking it was alone and a lot. I got genetically tested, and genetically I'm screwed and super predisposed to alcoholism. whatever.   I don't want to drink, I'm scared to drink and I don't trust myself to drink. that's that, I really don't want to be convinced I should drink. I just want to be able to find support and someone to help me when things get really really bad and I really want to drink, or I really want to blackout, or when people are pressuring me to drink and.       can someone please just tell me it's okay not to drink, I don't have to drink and that's okay. That I'm making the right decision by not drinking.     please.

edit. I'm almost 2 months sober, and I'm proud, but I also want to go out and drink, and it wouldn't take much to push me to do so, I just,     someone.   tell me I'm wrong and im overreacting and I can drink and do that and everything will be okay, or that I don't need to and I shouldn't.",2
2019-10-24 11:26:09,https://www.reddit.com/r/REDDITORSINRECOVERY/comments/dmhzft/20_year_opiate_user/,20 year opiate user.,[deleted],0
2019-10-24 09:33:56,https://www.reddit.com/r/REDDITORSINRECOVERY/comments/dmgh63/finally_admitting_my_cocaine_problem_is_serious/,Finally admitting my cocaine problem is serious... What next?,[deleted],18
2019-10-23 11:55:46,https://www.reddit.com/r/REDDITORSINRECOVERY/comments/dm1a3u/i_need_hep_getting_started/,I need hep getting started,I really need help getting started. a year has passed and nothing has changed. just doing drugs...just some advice would do nice,2
2019-10-23 02:42:10,https://www.reddit.com/r/REDDITORSINRECOVERY/comments/dlvcnq/how_the_fuck_am_i_still_alive_at_29/,How the fuck am I still alive at 29?!,"Today I‚Äôm 29.  To be honest, I never really thought I would see 25 -  given the way I was living years ago. 

I remember birthdays in college. I would see my family and feel a glimpse of joy and love - then they would head home and I would retreat to my apartment. It was in those moments that loneliness was a pleasantry, in comparison to the vast nothingness I felt my life was at that time.

No direction, no hope, and an absolute fear that I was destined to be ‚Äúapart from‚Äù, forever. I had lost my path and I didn‚Äôt have a clue as to how I would find my way back - to myself.  I didn‚Äôt have a semblance of an idea who ‚Äúmyself‚Äù was. 

I was consumed by the destruction of my choices and the collateral damage bestowed upon my loved ones and friends. I guess with my mental state at the time, it was more-so those that loved me rather than loved ones. I had no comprehension of love. I didn‚Äôt care to understand because I felt incapable at the very core. All I knew was pain. 

The delusive point-of-view that I was ‚Äúnot meant to exist within this world‚Äù. So I buried that pain for years. I compromised any value‚Äôs I loosely understood and made a decision to escape every moment that I could, biding time - until, just maybe, I could find my way home. 

Eventually, love brought me home. My mom never gave up. She fought and suffered - but persevered. A sheer testament to a mother‚Äôs love for their child. 

Eventually, I found recovery. I watched from the outside for almost 4 years and marveled at the way some of these people changed their lives. My life became easier - but it wasn‚Äôt enough. 
I made a decision to wager my life once again. I made a decision to return to the hell that I had once thought long passed. Blissfully unaware, I believed that I could now finally have it both ways. 
I re-opened the metaphorical wound - only to bleed all over those that fought so hard to pull me back. 

In retrospect, the wound never fully healed. I wasn‚Äôt ready - until I was. 
Relapse, rehab - wash, rinse, and repeat. This time, however, something changed.
Through all the darkness I finally saw a glimpse of hope. In a way it reminded me of being 7 years old at the lake house, staring up into the sun with my eyes barely cracked. Cracked just enough to let a touch of light into my eyes.  

I made changes, on faith. I shut my mouth (as best I could :p) and I learned from those who have walked the path of recovery, health, and freedom. I chose friends that didn‚Äôt need or want my approval. I listened to their thoughts and feelings without comparing and contrasting experiences. I learned to listen to the inner voice. The voice that never died, it was merely drowned out for years and years by all the noise. 

Fast forward 3 fantastic birthdays, pleasant christmases, and even tragedies - that didn‚Äôt break me and so much more. Fast forward to this very moment, my 29th birthday. 

Tonight I looked around my backyard, covered in a light drizzle of rain. I saw friends that have become family. People that love me enough to come sit in a back yard covered in dog shit and pouring rain; just to celebrate my birthday. My beautiful, kind son, that chooses to love me and his best little buddy are jumping around and playing with the sticks we have yet to burn. I see joy, love, support, empathy, compassion and SO MUCH MORE in every single one of these people. My wife making sure the kids have eaten so that I can enjoy everyone‚Äôs company. She has the most warm and gentle soul - and she chooses to spend her life with me. Blessed is a sinful understatement.

Point being: I never once thought I would be raising a child by choice - and LOVE every second of it. I never thought I would see so much of myself in his words and actions, in a positive light.   I never thought I would be surrounded with friends who want to celebrate with me. I never thought I would meet a partner that I would bicker and squabble with then kiss on the forehead every night before she sleeps.
I never thought I would forgive myself.
I never thought I would be able to sit and just breathe - even for a moment.

It doesn‚Äôt matter I‚Äôve been through. It matters how I show up when everything around me is covered in flame and ash. A conscious effort, which leads to a conscious decision to act with love and compassion. 

I‚Äôm still in disbelief.

I wrote this for myself. I wrote this for those that loved me even when I made it damn-near impossible to do so. 
I wrote this for someone that may be contemplating suicide.
I wrote this for someone that may have a son, just like me, sitting in their room getting high - believing there‚Äôs no way out.

I wrote this for my mom so that she knows I wouldn‚Äôt be here without her grit. 
I wrote this for my dad, my sister, my aunts and uncles, my grandmas, and everyone else that contributed the joy that is my life, today. 
WE made it - WE did this. 

Hey Mom. We made it out. üíô

No life is worth losing. If my story makes any bit of a difference, no matter how small, I‚Äôll tell it. 

Trauma and pain became my gateway to truth. I found myself because I just tried. I tried my hardest, and it worked. That tells me that if you try your hardest, it can work for you too. 

Don‚Äôt give up. I‚Äôll love you until you realize how wonderful you‚Äôve always been. 

I couldn't have dreamed a better ending for my story - and it's only just beginning.

To my joy, my love, my wife, Coleen - thank you for taking me as I am and showing me how much love I deserve.",7
2019-10-22 06:55:18,https://www.reddit.com/r/REDDITORSINRECOVERY/comments/dlg84w/poem_about_recovery/,Poem about Recovery,[removed],0
2019-10-22 06:42:25,https://www.reddit.com/r/REDDITORSINRECOVERY/comments/dlg3ny/i_relapsed_today/,I relapsed today...,"After 9 months of sobriety I threw it all away, and did it in a calculated manner. I need to stay away from my people, PLACES, and things. I ran head first into all 3 of those today and didn't even hesitate to buy some Tina tonight, once I was at my old dealers house. Well wtf did I expect? For shit to be different? Wishful thinking got me where? Right.. I dont wanna end up in the psych ward again. No ""fuck its"" and going on a bender. I love the siber life I'm living, and il be damned if one slip up is going to define / and or ruin my life. Fuck you addiction, I want my life back!",35
2019-10-21 19:43:56,https://www.reddit.com/r/REDDITORSINRECOVERY/comments/dl94wu/posting_now_before_i_can_rethink_it/,Posting now before I can rethink it,[deleted],7
2019-10-21 13:28:19,https://www.reddit.com/r/REDDITORSINRECOVERY/comments/dl3uyx/i_relapsed_on_drinking_and_coke_2_days_in_a_row/,I relapsed on drinking and coke 2 days in a row,[deleted],2
2019-10-21 11:03:56,https://www.reddit.com/r/REDDITORSINRECOVERY/comments/dl1tjb/hey_guys_i_started_working_out_and_things_feel/,Hey guys! I started working out and things feel less awful.,"Just wanted to give a shout to noobs like me. My first month in recovery feels truly awful, but after working out (weight lifting) I feel semi human. It directly affects my mood, and releases some of those happy chemicals. 


Anyway, good luck and I hope y‚Äôall are doing well 


<3",50
2019-10-21 05:06:08,https://www.reddit.com/r/REDDITORSINRECOVERY/comments/dkxr15/i_messed_up/,I messed up,"I don't think I will count this as a relapse, but I accidentally chugged a kombucha that was 3.2 alcohol. I was in a rush after work and my gf asked me to pick up a juice.

I drank like 3/4 of if and started reading the back. After I noticed it had higher than regular alcohol I stopped. The behavior in question is really my decision to finish it.

I really have no business even drinking regular kombucha. I know it is my addict thing to trick me. I felt a tiny tiny something, but not like if I drank a beer.

I have have almost 9 months clean, and I get a UA from my probation officer Wednesday morning.

I'm taking this more as a warning that I am not doing enough for my recovery, and that I need to change what I've been doing.",4
2019-10-20 23:18:28,https://www.reddit.com/r/REDDITORSINRECOVERY/comments/dkuglq/someone_asked_me_to_sponsor_them/,Someone asked me to sponsor them.,I‚Äôve never had a sponsee before. I am so excited to pour into this girl. :),32
2019-10-20 16:43:15,https://www.reddit.com/r/REDDITORSINRECOVERY/comments/dkpjf0/1_year_10_months_sober_from_cocaine_feel_like_a/,"1 year 10 months sober from cocaine, feel like a loser",[deleted],52
2019-10-20 11:25:57,https://www.reddit.com/r/REDDITORSINRECOVERY/comments/dkl1xa/looking_for_inspiration_share_your_dramatic_life/,looking for inspiration - share your dramatic life altering success stories!,[deleted],7
2019-10-20 06:09:44,https://www.reddit.com/r/REDDITORSINRECOVERY/comments/dkhrh2/going_on_without_out_him/,Going on without out him,"I married my best friend/ using buddy three years ago.  I was 5 years clean and he had been locked up for 4 yrs.  It was a disaster from the start, but when he relapsed on meth a year ago, I was trapped with nowhere to go.  It's taken time but I finally have a job that I love, an apartment of my own and lots of self-awareness.  I was fooled by his last attempt at recovery but he went out tonight and hasn't called or come home.  I finally feel no hesitation or guilt about putting him out and filing for divorce.  Enough is enough.  Also, how do you go about obtaining a divorce?",4
2019-10-20 00:22:01,https://www.reddit.com/r/REDDITORSINRECOVERY/comments/dkevat/what_songs_or_playlists_centered_around_recovery/,What songs or playlists centered around recovery do you guys like to listen to?,,2
2019-10-19 21:09:50,https://www.reddit.com/r/Badpill/comments/a5gfvt/badpill_benzo_info_sources/,Getting off Benzos resource list.,,5
2019-10-19 18:19:17,https://www.reddit.com/r/REDDITORSINRECOVERY/comments/dkamsd/i_think_im_going_to_be_ok/,I think i'm going to be ok,"A couple of years ago,  I posted here about how I was sure I would kill myself with my drug use. I was almost right. About a year after that, I developed an acute MRSA infection of the tricuspid valve - endocarditis. This required open heart surgery, and I almost died. It... wasn't fun. But it was exactly what had to happen, in retrospect. I was either going to die, or come so close that help would be forced on me. 

At first, I felt that such a tragedy only confirmed my worst suspicions about life - that it was painful, meaningless, and short, and that there was nothing wrong with using heroin and cocaine to wring every last bit of pleasure from it, even if it would destroy me in the process. I lasted a grand total of 6 days after spending 4 months recovering in the hospital on a heavy antibiotic regimen. 6 days until I was shooting up again.

I would be lying if I said I knew exactly what drew my back from the brink. I have some ideas, and the mostly involve love, humor, and cognitive behavioral therapy (üòÄ), but after that initial setback, I've been completely sober for almost half a year, and I feel confident that I will make it out alive ( well, not alive, but you know what I mean).

The point of this stupid story is that it is possible to be so low that you are basically welcoming death, to be lower than you thought possible, and still, somehow, get better. I send my best wishes and love to anyone struggling out there who happens to come across this rambling little post of mine.",61
2019-10-19 14:50:49,https://www.reddit.com/r/REDDITORSINRECOVERY/comments/dk7xt2/the_last_2_days_have_been_a_rollar_coaster_for_me/,"The last 2 days have been a rollar coaster for me. At this moment I'm calm, cool, & collect. But jst an hour ago, I was under my blankets, crying in bed, asking why I'm still here. Having been in recovery before i know this is to be expected. However, it still doesnt make it easier. I feel like i pu",,24
2019-10-19 13:46:27,https://www.reddit.com/r/REDDITORSINRECOVERY/comments/dk738h/checked_out_my_first_smart_meeting_here_in/,"Checked out my first SMART meeting here in Houston, yesterday","I‚Äôve been struggling with alcohol abuse/dependence for nearly seven years with various stretches of sobriety. I have respect for A.A. and other 12 step groups. There is no denying that that route saves lives. I‚Äôve worked through the steps once and had nearly a year of sobriety, while also utilizing a sober living home.

I have to admit, it felt great to try something genuinely new. My experience in a SMART meeting was very positive. The group was run by an approved facilitator. We did a CBT exercise from the book, and I honestly felt like I was given some real tools to use. A lot of times the advise Id get when trying to get back into AA would be along the lines of pray, keep coming back, call somebody. Which is useful advice. I‚Äôm always impressed by the kindness of strangers when I go to a meeting, but that experience can be overwhelming for me. SMART was calming for me. 

Anybody else have experience with this? I‚Äôm excited to be broadening my horizons.",5
2019-10-19 09:14:21,https://www.reddit.com/r/REDDITORSINRECOVERY/comments/dk3m3x/partner_of_addict_looking_for_help_advice/,"Partner of addict, looking for help & advice","Hello all - I have tried looking for some subreddits about family of addicts but I can't seem to find anything. My partner relapsed and I have no idea really what to do, how to support him, or understand what he is going through. 

Thank you in advance for any direction you can point me in.",3
2019-10-18 11:14:20,https://www.reddit.com/r/REDDITORSINRECOVERY/comments/djowm3/8_years_sober_today/,8 years sober today,"I'm very encouraged by all the posts of people starting their recovery journey. A few things I can confirm. Acute and post acute withdrawals suck. You're likely not going to sleep well for a bit. You're gonna hit some major emotional and psychological lows. It's not fun in the beginning. Set yourself up for success. Build healthy habits. Take care of yourself. Don't know how to go about doing those things? Talk to people who can help you, whether that is in 12 step meetings, online forums, various religions, etc. Recovery has been the most worthwhile endeavor I've experienced. I promise that it does get better. I went from being a homeless junkie to now being a drug and alcohol counselor who graduated college with highest honors. I was the biggest piece of shit I knew. You're worthy and you're not alone.",96
2019-10-17 18:01:01,https://www.reddit.com/r/REDDITORSINRECOVERY/comments/djdhgy/almost_a_year_and_not_really_that_happy/,Almost a year and not really that happy??,"So I just wanted to put this out there and get some advice from other redditors in recovery. I'm currently getting closer and closer to my one year. I'll be getting it October 19 and this has been the longest that I've ever been sober in my life. I should be happy and celebrating right?

That being said instead of feeling like that and wanting to celebrate instead I'm reliving my last days using. I'm supremely depressed. I haven't been making it to work or school. I've been talking to my sponsor but, that's not changing much. I've been working with my sponsees and making sure I maintain my service commitments and that's not working either.

I've just been in a horrible funk and no matter what I do I can't shake it. It's like i'm mourning my old life and although my addiction sucked. I hated every moment of it. I'm still mourning it? Has anyone else run into this problem or am I just fucked? I have a good life right now. I'm finally a university student, I work at an amazing job, I have some amazing friends I've met in my fellowship and I finally have a wonderful boyfriend. How can I just move past this chapter and feel happy when I honestly just want to use again?",7
2019-10-17 15:43:09,https://www.reddit.com/r/REDDITORSINRECOVERY/comments/djbj62/recovering_drunk_looking_for_mature_friends/,Recovering drunk looking for mature friends,[deleted],1
2019-10-17 15:33:51,https://www.reddit.com/r/REDDITORSINRECOVERY/comments/djbebh/today/,Today,Today I start. Who knows what will happen. I only have today. I'll worry about tmrw...tmrw. I guess I'm putting it out there cause I know I cant do it alone. Not ready to put it out there in person. So I guess this is a good step for me today. But I know I'm gonna have to step out my comfort zone eventually. I hope I can keep u posted.,28
2019-10-17 04:28:09,https://www.reddit.com/r/REDDITORSINRECOVERY/comments/dj3e4d/i_cant_get_rid_of_the_dark_thoughts/,I can't get rid of the dark thoughts.,"One week clean. I had to start over. I went on a week and a half binge after six months sober. That week and a half cost me my two+ year relationship. Since then I've lost one of my best friends to an OD. And considered leaving my job every single day.

I was/am a meth user. Preferably injected. I miss being happy. Even if it is synthetic happiness. What is the point in me feeling like this every day? I feel like I'm not doing this for the right reasons. I don't want to be sober. 

I feel awful. 

My thoughts are these; give up and stop trying or just stop, period. 

It's my friends funeral on Monday and I want to be sober for that. But otherwise I see no actual reason to stay sober.

Sorry if this doesn't belong here. Ironically I was banned from r/meth (don't go to this sub, stay strong)",4
2019-10-16 17:30:42,https://www.reddit.com/r/REDDITORSINRECOVERY/comments/diw5k3/1_year_sober_today/,1 year sober today.,"I don't know exactly what to say. I am happy. Its been really very difficult. I am 38 years old, I have autism and live on a little disability check. I am trying to be really positive. I figure its normal to tell ones larger story that lead into the addiction on their birthday, but I do not really want to, it depresses me. When I got onto Reddit I did dump my entire life story, most of it anyway, on here 18 months ago, this is that if anyone is interested.

https://www.reddit.com/r/CPTSD/comments/8mjyx5/this_is_my_story_trigger_warning/

The addiction part is fairly simple though. I never drank irresponsibly overall that was just because I did not drink too often, 1, 2 and never more than 3 times a month. I did that until I was 32. I also did not use hard drugs often, until 32 as well I had a rule I did not buy them. I came from poor people, so free drugs were not common, once every 6 months or so on average. I did anything besides opiates when they were free though, which frightened me. Then at 32 a long term friendship ended badly, the stuff from childhood came up, and I began drinking until passing out every day for 4 years.

I will spare people the normal story of how that went, I was always kind and determined not to be abusive, but I was an increasingly sad, venty person who was hard to be around, and I wrecked all my relationships, some 10 and 20 years, slowly over those 4 years. People did not have any better tools than me is the issue, they kept saying drinking was a legitimate solution and then did not know what to do when I grew worse and worse, I was always so passive and kind, ghosting was all they felt they could do in the end. I get it.

Then I jumped off a bridge, no matter what my internal feelings I had never done anything before, that is what got me into therapy and recovery. I got help from an addiction counselor, a trauma therapist, a general social worker, a mental health drop in center, and on Reddit, that was my program. I did harm reduction for 1 year, and am now sober for 1 year. I cannot express how grateful I am to the people who have helped me. I am actually feeling quite down or depressed, and do not know if that is normal on a sobriety birthday.

My people and family and such are not the most pulled together. But well half are in active addiction or so the other half are in recovery at this point, my mother has 6 years and a sister 4 years, but they do not think of things like that, so not a friend or family member remembered, not a person has phoned, and there will be no real celebration. The social worker will take me to lunch in a couple days, which is incredibly kind of him. Just feeling a bit down is all. This is really a positive and happy thing, in any larger sense I am really happy. I have trouble giving myself credit, but this is a good thing. Anyway I just thought I would share, thank you so much to anyone who reads this.",66
2019-10-16 17:19:26,http://www.psychcongress.com/article/physicians-struggle-manage-dual-issues-pain-and-addiction,"The Gabapentin delima. Is the opioid crisis pushing physicians to a 'safer painkiller,' that is anything but?",,4
2019-10-16 16:30:57,https://www.reddit.com/r/REDDITORSINRECOVERY/comments/diva7j/im_honestly_starting_to_feel_like_my_life_was/,I'm honestly starting to feel like my life was better while I was using...,"Ik life is tough regardless of being sober or not. I've learned that just bc I'm not doing drugs anymore, life is not going to become any easier; it stays just as shitty as before but less hectic without the politics and legal troubles that come with doing drugs. At this point though, I really feel like I did better at life when I was getting high and staying high. Yeah, my legal troubles sucked, but it just became part of life for me in a way. At least when I was using I still managed to keep a job and seemingly managed to get through life easier than I am now. I hit seven months clean Oct. 11, and in these past seven months it's been one shit storm after another. If bad luck was a person, it would be me. I'm not joking one bit. My entire existence is just one constant stream of bad luck, but it seems like it's only getting worse since I put down drugs. I truly don't know what to do with myself at this point and I'm feeling completely lost. Why stay clean when my life is shitty regardless of my sobriety? At least if I'm high I can go to bed at night with some sort of comfort and peace of mind. Such a huge part of me wants to say fuck it, but ik I can't let myself get to that point. I don't know what to do...",14
2019-10-16 04:24:30,https://www.reddit.com/r/REDDITORSINRECOVERY/comments/dimaer/im_additicted_to_flamin_hot_cheetos/,Im Additicted To Flamin Hot Cheetos,[removed],0
2019-10-15 23:04:16,https://www.reddit.com/r/REDDITORSINRECOVERY/comments/dij4y6/not_sure_what_im_doing/,not sure what i'm doing...,"hey all, hope everybody's day/night is going ok... i'm funyuns1 (made that username while high), and i'm a marijuana addict! 

i've been smoking daily for about 3-3.5 years. there have been a couple months mixed in where i've tried to cut down and only smoked like 3 times per week, but i've been smoking every day for at least the past year. i got really into it because i have a lot of depression and anxiety, and i got very attached to not having to be in my own consciousness 24/7. i've always liked to be altered and i'm lucky that weed is ""all"" i ever got addicted to. i do have a full time job and am in school, so my use hasn't ruined every aspect of my life (yet), although that is mostly because again, i've just been lucky af. i've definitely done a lot of questionable things. 

i've known for a while that my use is out of control. i can do my job and kind of school but that's it, but i haven't been interested in cutting down, because i hate life anyway. for the past few years i've been high almost whenever i'm not working or studying, forgetting everything that happens while i'm high, phoning in all my relationships, just kinda waiting to die or for something to change. for whatever reason, last night i decided (again, but for the first time in a while) that it's time to make the change, so today i'm not smoking. 

i wrote down a list of all the cons of smoking weed, which i think was a good idea and i recommend it to people who are struggling with starting the process! however, i'm stuck on my next step. i don't know what to do or how to do it. 

i don't want to and really can't commit to quitting completely right now. to be honest, the idea of quitting now and never smoking again not only terrifies me but seems unnecessary. surely i can enjoy a stoned day at the beach every so often, or smoke when i'm hanging out with friends on a saturday night! also, if i feel like i can never be allowed to smoke again then i'm just gonna say f it and not do this at all. it's too much and too scary and i'm not ready to make that commitment. but i've cut down before and just gone right back. maybe i can start by taking one full week off and go from there. maybe i can have a rule where i can only smoke with people, or a certain number of times per week or month or something. or plan out my days ahead of time. i don't know. 

i also don't know where to go for support (besides here i guess). i thought about marijuana anonymous, but i don't know if that's appropriate for me.. first, they really want you to quit forever... and i also don't think the twelve step model would work for me... it absolutely works for a lot of people and i always recommend twelve step programs, but that higher power stuff is in like every step. and i know you don't have to believe in a god, but i don't believe in anything at all, and you have to believe in something powerful for the steps to even make any sense. i also worry about running into people i know. i have a therapist and will work with her on it but that might not be enough, she's not an addiction specialist or anything. 

anyway... has anyone successfully cut down significantly on their drug of choice and gotten their life back without quitting completely and without using a 12 step program? and if so what'd you do? (i do know how this sounds and have a feeling that if i get comments, at least some might say that i probably just need to quit forever. for the aforementioned reasons, i don't know that that's gonna be helpful for me right now. but if you genuinely believe that that's the only way, not just for you but for me too, feel free to let me know!) 

sorry this is so long, especially since i've never commented on anyone else's posts (..yet! i just found this sub and am new to this whole thing). thank you so much in advance for any advice/support! <3",3
2019-10-15 20:05:56,https://www.reddit.com/r/REDDITORSINRECOVERY/comments/digxwf/finally_feeling_free_from_the_suffering_of/,Finally feeling free from the suffering of getting clean from alcohol. 10.5 months clean from drugs and alcohol and I finally found that norm in life again,[deleted],2
2019-10-15 16:41:34,https://www.reddit.com/r/REDDITORSINRECOVERY/comments/die3az/91_days/,91 Days!,"91 Days Clean from Alcohol, Weed, Xanax, Percs, and Adderall. I've been taking it one day at a time and surrounding myself with other people in recovery. I've had the best mental state I've had in awhile. At the beginning of this I was kind of wanting to be sober for a few months then go to marijuana maintenance but working recovery made me realize I don't need that crutch anymore. Recover on.   


\-Ethan",10
2019-10-15 15:35:33,https://www.reddit.com/r/REDDITORSINRECOVERY/comments/did3fy/21_years_clean_and_sober_today/,21 years clean and sober today,"21 years ago, I had lost everything. My then fiance and I had a trailer in Bellflower, CA and were raising our 2 year old daughter in a house of complete chaos. Constant drug traffic, we were cooking meth, gang members and guns were a regular site at our place. The trailer was raided; dope sniffing dogs, cops in tactical gear and our daughter being snatched from our arms. Off to jail I went for the umpteenth time.  When I got out 3 months later, my fiance had left me, I lost the trailer and my daughter was in someone elses custody. Homeless, hopelessly addicted to meth (and anything else I could get my hands on) and out on the streets for a few weeks, I had finally hit bottom. 

October 15th, 1998, I made a phone call that would be the beginning of the rest of my life. I entered a 1 year live in program, and 6 months later my ex-fiance called the home, crying, asking for help. We got her into a program that day. She stayed at her program for 6 months and went to her sisters until I finished my program. We were married after I got out, and shortly after that we had full custody of our beautiful daughter again. We both had jobs, our daughter back, our family trusted us again and we were clean and sober! God and recovery were at the center of our lives!

Today, my wife and daughter and I serve in Celebrate Recovery. I'm the Ministry Leader for a wonderful CR in So Cal, my wife is on our leadership team with just over 20 years herself and our daughter runs The Landing, Celebrate Recovery for teens. She's never had a drug or alcohol problem, but CR isn't just for drugs and alcohol, but any hurt habit or hangup. God has restored my family by me putting my trust in Him and working the 12 steps of recovery. 

I'm a grateful believer in Jesus Christ, I'm in recovery for drugs and alcohol, my name is Travis. Thanks for letting me share!",171
2019-10-14 22:06:41,https://www.reddit.com/r/REDDITORSINRECOVERY/comments/di1013/35_years/,35 years,"On Oct 13, I picked my last White chip. I never intended go stay clean for 35 years. I never thought such a thing was possible. So how did I do it? I stayed clean today. Tomorrow ain't here yet and the number of yesterdays I have been clean really has no bearing on my staying clean today. 

Today is the only day I have to stay clean. So that has been my focus. Today.",82
2019-10-14 20:28:34,https://www.reddit.com/r/REDDITORSINRECOVERY/comments/dhzul9/8_months_sober_and_struggling/,8 months sober and struggling,[deleted],1
2019-10-14 19:02:08,https://www.reddit.com/r/REDDITORSINRECOVERY/comments/dhyq4x/student_research_effectiveness_of_treatment/,Student research- effectiveness of treatment,"Hello! If you have previously participated or are currently participating in a medication assisted treatment program for substance abuse can you please help me in my research by taking this brief survey? This survey is completely confidential and optional! Please help spread the word by sharing this link so I can reach as many people as possible. Your participation will help my research in understanding the effectiveness of these treatment methods. Thank you. 

**https://kwiksurveys.com/s/ZalWpszS**",1
2019-10-14 12:08:35,https://www.reddit.com/r/REDDITORSINRECOVERY/comments/dhsq5l/51_days_sober_from_meth/,51 days sober from meth,"3 years of daily use, ask me anything.",76
2019-10-14 09:05:47,https://www.reddit.com/r/REDDITORSINRECOVERY/comments/dhqaoc/experience_with_gabapentin/,Experience with gabapentin?,"Hello people! I have been seeing a psychiatrist for years now. Lately my anxiety has been through the roof and my doc decided that we should try gabapentin. I took my first dose right after I got the script and then when to my home group. I swear, about halfway through the meeting I started to feel woozy and convinced myself this new med got me high. Does anyone have any experience with this medication. Can't help but feel like I did something wrong.",3
2019-10-12 15:26:18,https://www.reddit.com/r/REDDITORSINRECOVERY/comments/dgznk7/whats_your_thoughts_on_addiction_being_or_not/,What's your thoughts on addiction being or not being a disease?,"I'm not looking to start any fights or have anything but peaceful discussion, I'm just curious on what your guys' thoughts are. I'm always open to learning and hearing all sides of an argument. I'm always a bit surprised when recovering addicts say addiction is not a disease and I'm interested in hearing factually based reasoning to support said statement.",10
2019-10-11 17:28:47,https://www.reddit.com/r/REDDITORSINRECOVERY/comments/dgllex/why_do_people_base_their_whole_identity_on_being/,Why do people base their whole identity on being sober?,[deleted],0
2019-10-11 15:08:05,https://www.reddit.com/r/REDDITORSINRECOVERY/comments/dgjq4i/recovery_stories/,Recovery Stories,[removed],3
2019-10-11 13:02:49,https://www.reddit.com/r/REDDITORSINRECOVERY/comments/dgi1rk/people_who_used_weed_to_help_with_their/,"People who used weed to help with their recoveries, I want to hear your stories! (And everybody else's too)",[removed],2
2019-10-11 12:33:08,https://www.reddit.com/r/REDDITORSINRECOVERY/comments/dghngt/in_my_dream_world_im_slowly_sinking_further_into/,In my dream world I'm slowly sinking further into a relapse,"This is fucking with me big time and I'm wondering if anyone else can relate. I've been sober for over two years but in my dreams...it's a different story. 

In early recovery I'd have the same nightmare where I'd accidentally take something and realize to my horror that it was too late to go back. 

Then it progressed to having the same realization that I had accidentally broken my sobriety, but then remembering that it wasn't actually the first time, that I had done it before. 

Nowadays I don't even freak out when I do drugs in my dreams. I'm aware that I'm supposed to be sober but it's a feeling of, ""But remember dude? We agreed that weed is fine"", or ""Remember? You decided to make the exception that drinking over the holidays is still within limits"". Last night I had a feeling like, ""Hey, I've been easing up on all of these restrictions and it's been totally fine, is sobriety even something I should be making a big deal about?""

I wake up and it feels like a miracle to me that I have actually gone 763 days without a single drug or drop of alcohol. It doesn't even feel real at first. What the hell is my brain doing to me?? Does anyone have experience with getting these dreams to go away??",28
2019-10-11 01:40:33,https://www.reddit.com/r/REDDITORSINRECOVERY/comments/dgan8l/sober_blamed_for_being_high_everyday_help/,"Sober, Blamed for being high, EVERYDAY. Help!",[deleted],0
2019-10-10 13:27:21,https://www.reddit.com/r/REDDITORSINRECOVERY/comments/dg1d3c/survey_quick_survey_about_your_experience_with/,[Survey] Quick survey about your experience with addiction,[removed],0
2019-10-10 12:41:12,https://www.reddit.com/r/REDDITORSINRECOVERY/comments/dg0oox/4_years_clean_and_sober_today/,4 years clean and sober today.,"Eternally grateful for my second chance at life. I wasn‚Äôt supposed to make it out. I‚Äôve been getting flashbacks lately to a night a few weeks before I got clean, where In a blind rage I was intentionally trying to overdose on heroin. I woke up the next morning so empty inside. While it feels like a lifetime ago, I can still taste that hard lump of misery in my throat, the emptiness....This is why I can never go back. Meth was my DOC btw, lol.",105
2019-10-10 11:00:19,https://www.reddit.com/r/REDDITORSINRECOVERY/comments/dfz8z0/morning_routine/,Morning Routine,"I have a little over a month clean, but I am looking for a morning reading routine. In a recovery house so I have a big book and basic text any suggested readings, doesn't have to be limited to these.",4
2019-10-09 20:53:54,https://www.reddit.com/r/REDDITORSINRECOVERY/comments/dfqfdy/one_week_sober/,one week sober.,[deleted],39
2019-10-09 15:07:09,https://www.reddit.com/r/REDDITORSINRECOVERY/comments/dflqgx/books_similar_to_recovery_by_russell_brand/,Books similar to Recovery by Russell Brand?,[deleted],8
2019-10-08 16:51:58,https://www.reddit.com/r/REDDITORSINRECOVERY/comments/df622r/if_i_take_nyquil_will_i_have_to_reset_my_day_count/,"if i take nyquil, will i have to reset my day count?","i think i know the answer. i don't have the flu, i don't have a medical reason to take nyquil but i just want to go to sleep. i'm clean and sober currently but i feel like this constitutes abuse and would be considered breaking sobriety. idk i'm just reaching out because i feel really bad right now and don't want to be conscious.

edit: to clarify, i'm not sick at all, no cold, no nothing. it's 6pm where i am, not time for bed and i'm not tired. just don't want to be awake. this is why i feel like taking something to make myself go to sleep artificially would be considered breaking sobriety.",8
2019-10-08 09:51:06,https://www.reddit.com/r/REDDITORSINRECOVERY/comments/df08fz/bf_relapsed_after_being_clean_for_2_years/,Bf relapsed after being clean for 2 years,"My (30f) bf (32m) relapsed after 2 years of sobriety (1 of those years he was in rehab). I‚Äôve been clean since I found out I was pregnant (2.5 years). He‚Äôs now at an IP BH facility and I‚Äôm wrecked. 


How can I be supportive of his recovery while also watching out for our child? I don‚Äôt know how I can ever trust him again, how can I trust him to keep clean around our child? I haven‚Äôt spoken to him since I found out he was admitted‚ÄîI‚Äôm scared I will say something I‚Äôm going to regret, but I‚Äôm also angry. This is his 4th time being hospitalized since we started dating, he‚Äôs been in rehab twice and IP twice. 

He‚Äôs been calling me daily since he‚Äôs been IP, how can I effectively talk to him without impeding his recovery. I want to tell him it‚Äôs over between us, and if it was only me I feel like I could try and make it work, but now I have to think about our child and what‚Äôs best for little one.",15
2019-10-07 22:16:28,https://www.reddit.com/r/REDDITORSINRECOVERY/comments/deto1x/need_help_full_relapsed_after_treatment_center_at/,"Need help, full relapsed after treatment center at boarding school.",[deleted],10
2019-10-06 20:42:42,https://www.reddit.com/r/AlAnon/comments/debqu9/meeting_room_open_now_1006/,Meeting room open now! (10/06),,5
2019-10-06 14:42:57,https://www.reddit.com/r/REDDITORSINRECOVERY/comments/de7eq1/i_started_playing_guitar_again_after_a_long_slump/,I started playing guitar again after a long slump and depressive period,[deleted],1
2019-10-05 14:25:02,https://www.reddit.com/r/REDDITORSINRECOVERY/comments/ddr3y3/self_medicator_sounds_more_accurate_then_addict/,Self medicator sounds more accurate then ‚Äúaddict‚Äù...,[deleted],2
2019-10-05 13:45:40,https://www.reddit.com/r/REDDITORSINRECOVERY/comments/ddqjbu/im_approaching_my_1_year_clean/,I'm Approaching My 1 Year Clean....,[deleted],31
2019-10-05 12:12:28,https://www.reddit.com/r/REDDITORSINRECOVERY/comments/ddp8zz/teenagers_in_recovery/,Teenagers in recovery,[removed],1
2019-10-04 23:32:02,https://www.reddit.com/r/REDDITORSINRECOVERY/comments/ddhzyw/night_life_for_sobriety_tucson_az/,Night life for sobriety Tucson AZ,Hi fellow members in recovery this is my first post on here but wanted to share some experience ive had that I feel has made my recovery successful as of Oct. 13th I will be sober and smoke free for an entire year. One of my biggest issues  was downtime and boredom outside of a marriage that im still stuck in but due to a unique situation im able to be away from home which heavily aided in my recovery.  So here is a small list of things that have helped me and sorry if this is all out of order not to good at putting the thoughts in writing. So first things first a hobby absolutely find a hobby I took up drones started off with a 90 dollar drone from Target and decided I really liked it that set the path to a sort of money pit im now 5 drones in but got one for the long term now so will stop pouring money into that. 2. Drone got put up for the summer as triple digits and lipo batteries dont get along thus I discovered drag racing at the Tucson Dragway a nice man at the window my first time there asked if I was there to race or to watch didnt even know that was an option at the time so I watched the first time and the next event that came up I ran in my car is not fast yet but fell in love with the feeling and it has become somewhat of a money pit now as well lol but it was the first thing I found that doesnt require drinking on a Saturday and that you can stay out past Midnight doing and meet some really awesome people have yet to win a race but its all for fun anyway and leaves me plenty to research afterwards for my next upgrade. 3.) Started a youtube channel for all my drone footage which im still in the process of getting better at but editing video is a pretty hefty project also one thing I failed to mention much maintenance comes after flying for an hour putting batteries into storage voltage reviewing video etc. 4.) Start a facebook page for something your passionate about that can potentially help others mine was for doing mods and upgrades to naturally aspirated Mazda 3s once you get going youll find it to be very time consuming and will keep you busy. 5.) Get a calendar and make a schedule for everything not sure if its my current medication for arthritis or my thyroid or the years and years of drinking but I cant remember sh\*t anymore so I literally write down everything. 6.) Develop a new routine or find ways to alter the old ones I used to drink heavily when watching college football I still watch college football but replaced beer with La Croixs sparkling water I buy all the flavors and alternate through the day to keep the flavor going or I drink coffee. 7.) For people in Tucson who need a place to go thats open til midnight and has great coffee check out Black Crown Coffee on Speedway this place is awesome. I hope this helps someone feel free to message me if thats available on here still kinda learning reddit lol.,7
2019-10-04 16:49:45,https://www.reddit.com/r/REDDITORSINRECOVERY/comments/dddbgf/dating_in_early_recovery_breakup_in_early_recovery/,Dating in early recovery. Breakup in early recovery...,[deleted],17
2019-10-03 20:05:17,https://www.reddit.com/r/REDDITORSINRECOVERY/comments/dczjwg/if_you_or_a_loved_one_need_addiction_recovery/,If you or a loved one need addiction recovery resources please reach out! ‚ô•Ô∏è,[removed],2
2019-10-02 23:35:14,https://www.reddit.com/r/REDDITORSINRECOVERY/comments/dclfog/you_are_using_your_lack_of_religion_as_an_excuse/,You are using your lack of religion as an excuse for not wanting to do the 12 steps,[deleted],0
2019-10-02 21:36:29,https://www.reddit.com/r/REDDITORSINRECOVERY/comments/dck3e9/the_dude_version_of_the_serenity_prayer/,The dude version of the serenity prayer,"Dude, grant me the serenity to accept the things I cannot change,

The courage to change the things that I can,

And the wisdom to know the difference.

Amen!",4
2019-10-02 19:57:06,https://www.reddit.com/r/REDDITORSINRECOVERY/comments/dcivnm/maine_recovery_fund_needs_your_help_and_its_easy/,Maine Recovery Fund needs your help (and it's easy! and free!),[removed],5
2019-10-02 19:08:17,https://www.reddit.com/r/REDDITORSINRECOVERY/comments/dci8xg/i_flushed_it/,I flushed it,"I am self admittedly a chronic quitter. I slip, I quit, I fuck up, rinse and repeat. Lately I've been super anxious every time I grab. That's the guilt. For the first time I got home and was disappointed enough in myself to flush a ball. I'm done. I can do it and so can you! Sorry to grab your time and space just needed a place to vent. Keep on the up and up ladies and gents.",39
2019-10-02 09:59:15,https://www.reddit.com/r/REDDITORSINRECOVERY/comments/dcakuz/rant/,Rant,[deleted],12
2019-10-02 00:22:20,https://www.reddit.com/r/REDDITORSINRECOVERY/comments/dc5apd/not_ready_to_face_my_family/,Not ready to face my family,"As the holiday season approaches I'm beginning to dread seeing and facing the side of my family I skipped out on at last year's Thanksgiving dinner cuz I was too busy getting high and [basically] babysitting my ex at the time. I think I did see them at Xmas, but I don't remember. Bc I can't remember is probably the biggest reason I'm dreading it now cuz. I can't remember facing them after that so I'm uneasy at the possibility I will have to now. Anyone have any words of advice?",4
2019-10-01 22:41:39,https://www.reddit.com/r/REDDITORSINRECOVERY/comments/dc47q9/12_step_wisdom_and_thoughts/,12 step wisdom and thoughts,"Hey all.

Over the last 20 years I have had many extensive experiences with recovery, and as you know you only get the good after all the bad. Recovery today (especially in the USA) is still so heavily biased towards 12 step programs despite the growing field of addiction science that it is staggering to me that we pay anywhere from 3k to 50k for rehabilitation programs that essentially are 24/7 12 step meetings. While not currently active within the rooms of my city I can safely say I have been around the block... several times... which when added up would likely be a marathon amount, for all sorts of substance and behavioral concerns.

I do lurk in some recovery subs though and at times get pulled in. Rarely do I write a freaking essay though, but that is what happened today. In a week old thread on top of it, and have no idea if anyone will ever see it. I do think there is good info there, for those new or struggling with the 12 steps and some of the ideas floating through those rooms. If you would like, you can continue below where I have copied the text. Please consider that I am a humbled man and by no means do I claim that I am an expert beyond my life experiences and self education into the matters at hand.

TL/DR:
Copied a post I wrote to a newcomer in recovery from his gambling problem. May be useful for you or others.

A note before the wall of text:
I believe addiction is a behavioral issue, that stems from continually reinforcing problematic behaviors in our brain. I strongly argue against ""once an addict always an addict"", because I believe that if our behaviors have changed over time the pathways we have created in our brain erode, change, go away or are no longer dominate. My post below came in response to that message hitting home with with this individual, who then expressed other concerns regarding 12 step programs.",1
2019-10-01 21:34:35,https://www.reddit.com/r/REDDITORSINRECOVERY/comments/dc3eqe/reintegrating_back_into_society_as_an_addict/,Reintegrating back into society as an addict,[deleted],19
